{"v":"5.8.1","fr":30,"ip":0,"op":60,"w":800,"h":800,"nm":"Comp 1","ddd":0,"assets":[],"layers":[{"ddd":0,"ind":1,"ty":4,"nm":"Cooking_boil Outlines 3","sr":1,"ks":{"o":{"a":0,"k":100,"ix":11},"r":{"a":0,"k":0,"ix":10},"p":{"a":0,"k":[400,400,0],"ix":2,"l":2},"a":{"a":0,"k":[400,400,0],"ix":1,"l":2},"s":{"a":0,"k":[100,100,100],"ix":6,"l":2}},"ao":0,"shapes":[{"ty":"gr","it":[{"ind":0,"ty":"sh","ix":1,"ks":{"a":0,"k":{"i":[[7.249,0],[0,0],[0,-7.249],[0,0],[-7.249,0],[0,0],[0,7.249],[0,0]],"o":[[0,0],[-7.249,0],[0,0],[0,7.249],[0,0],[7.249,0],[0,0],[0,-7.249]],"v":[[48.669,-17.583],[-48.669,-17.583],[-61.795,-4.457],[-61.795,4.457],[-48.669,17.583],[48.669,17.583],[61.795,4.457],[61.795,-4.457]],"c":true},"ix":2},"nm":"Path 1","mn":"ADBE Vector Shape - Group","hd":false},{"ty":"fl","c":{"a":0,"k":[0.3916,0.8284,0.7192,1],"ix":4},"o":{"a":0,"k":100,"ix":5},"r":1,"bm":0,"nm":"Fill 1","mn":"ADBE Vector Graphic - Fill","hd":false},{"ty":"tr","p":{"a":0,"k":[552.485,540.515],"ix":2},"a":{"a":0,"k":[0,0],"ix":1},"s":{"a":0,"k":[100,100],"ix":3},"r":{"a":0,"k":0,"ix":6},"o":{"a":0,"k":100,"ix":7},"sk":{"a":0,"k":0,"ix":4},"sa":{"a":0,"k":0,"ix":5},"nm":"Transform"}],"nm":"Group 1","np":4,"cix":2,"bm":0,"ix":1,"mn":"ADBE Vector Group","hd":false},{"ty":"gr","it":[{"ind":0,"ty":"sh","ix":1,"ks":{"a":0,"k":{"i":[[4.397,0],[0,0],[0,-4.398],[-4.398,0],[0,0],[0,4.398]],"o":[[0,0],[-4.398,0],[0,4.398],[0,0],[4.397,0],[0,-4.398]],"v":[[64.82,-7.963],[-64.82,-7.963],[-72.784,0],[-64.82,7.963],[64.82,7.963],[72.783,0]],"c":true},"ix":2},"nm":"Path 1","mn":"ADBE Vector Shape - Group","hd":false},{"ty":"fl","c":{"a":0,"k":[0.8188,0.9412,0.9106,1],"ix":4},"o":{"a":0,"k":100,"ix":5},"r":1,"bm":0,"nm":"Fill 1","mn":"ADBE Vector Graphic - Fill","hd":false},{"ty":"tr","p":{"a":0,"k":[525.41,540.515],"ix":2},"a":{"a":0,"k":[0,0],"ix":1},"s":{"a":0,"k":[100,100],"ix":3},"r":{"a":0,"k":0,"ix":6},"o":{"a":0,"k":100,"ix":7},"sk":{"a":0,"k":0,"ix":4},"sa":{"a":0,"k":0,"ix":5},"nm":"Transform"}],"nm":"Group 2","np":4,"cix":2,"bm":0,"ix":2,"mn":"ADBE Vector Group","hd":false},{"ty":"gr","it":[{"ind":0,"ty":"sh","ix":1,"ks":{"a":0,"k":{"i":[[0,0],[0,0],[-44.655,0],[0,0],[-5.693,44.29],[0,0]],"o":[[0,0],[5.695,44.29],[0,0],[44.654,0],[0,0],[0,0]],"v":[[-174.403,-87.382],[-161.895,9.924],[-73.841,87.382],[73.84,87.382],[161.894,9.924],[174.404,-87.382]],"c":true},"ix":2},"nm":"Path 1","mn":"ADBE Vector Shape - Group","hd":false},{"ty":"fl","c":{"a":0,"k":[0.0968,0.7832,0.6116,1],"ix":4},"o":{"a":0,"k":100,"ix":5},"r":1,"bm":0,"nm":"Fill 1","mn":"ADBE Vector Graphic - Fill","hd":false},{"ty":"tr","p":{"a":0,"k":[381.523,601.141],"ix":2},"a":{"a":0,"k":[0,0],"ix":1},"s":{"a":0,"k":[100,100],"ix":3},"r":{"a":0,"k":0,"ix":6},"o":{"a":0,"k":100,"ix":7},"sk":{"a":0,"k":0,"ix":4},"sa":{"a":0,"k":0,"ix":5},"nm":"Transform"}],"nm":"Group 3","np":4,"cix":2,"bm":0,"ix":3,"mn":"ADBE Vector Group","hd":false},{"ty":"gr","it":[{"ind":0,"ty":"sh","ix":1,"ks":{"a":0,"k":{"i":[[8.838,0],[0,0],[-0.314,-8.833],[0,0],[0,0]],"o":[[0,0],[-8.839,0],[0,0],[0,0],[0.312,-8.834]],"v":[[158.803,-8.082],[-158.8,-8.082],[-174.402,8.082],[174.405,8.082],[174.405,8.082]],"c":true},"ix":2},"nm":"Path 1","mn":"ADBE Vector Shape - Group","hd":false},{"ty":"fl","c":{"a":0,"k":[0.8188,0.9412,0.9106,1],"ix":4},"o":{"a":0,"k":100,"ix":5},"r":1,"bm":0,"nm":"Fill 1","mn":"ADBE Vector Graphic - Fill","hd":false},{"ty":"tr","p":{"a":0,"k":[381.523,505.676],"ix":2},"a":{"a":0,"k":[0,0],"ix":1},"s":{"a":0,"k":[100,100],"ix":3},"r":{"a":0,"k":0,"ix":6},"o":{"a":0,"k":100,"ix":7},"sk":{"a":0,"k":0,"ix":4},"sa":{"a":0,"k":0,"ix":5},"nm":"Transform"}],"nm":"Group 4","np":4,"cix":2,"bm":0,"ix":4,"mn":"ADBE Vector Group","hd":false},{"ty":"gr","it":[{"ind":0,"ty":"sh","ix":1,"ks":{"a":0,"k":{"i":[[7.249,0],[0,0],[0,-7.249],[0,0],[-7.249,0],[0,0],[0,7.249],[0,0]],"o":[[0,0],[-7.249,0],[0,0],[0,7.249],[0,0],[7.249,0],[0,0],[0,-7.249]],"v":[[48.669,-17.583],[-48.669,-17.583],[-61.794,-4.457],[-61.794,4.457],[-48.669,17.583],[48.669,17.583],[61.794,4.457],[61.794,-4.457]],"c":true},"ix":2},"nm":"Path 1","mn":"ADBE Vector Shape - Group","hd":false},{"ty":"fl","c":{"a":0,"k":[0.0706,0.5843,0.4588,1],"ix":4},"o":{"a":0,"k":100,"ix":5},"r":1,"bm":0,"nm":"Fill 1","mn":"ADBE Vector Graphic - Fill","hd":false},{"ty":"tr","p":{"a":0,"k":[232.332,540.515],"ix":2},"a":{"a":0,"k":[0,0],"ix":1},"s":{"a":0,"k":[100,100],"ix":3},"r":{"a":0,"k":0,"ix":6},"o":{"a":0,"k":100,"ix":7},"sk":{"a":0,"k":0,"ix":4},"sa":{"a":0,"k":0,"ix":5},"nm":"Transform"}],"nm":"Group 5","np":4,"cix":2,"bm":0,"ix":5,"mn":"ADBE Vector Group","hd":false}],"ip":0,"op":60,"st":0,"bm":0},{"ddd":0,"ind":2,"ty":4,"nm":"Cooking_boil Outlines 2","sr":1,"ks":{"o":{"a":0,"k":54,"ix":11},"r":{"a":0,"k":0,"ix":10},"p":{"a":0,"k":[400,400,0],"ix":2,"l":2},"a":{"a":0,"k":[400,400,0],"ix":1,"l":2},"s":{"a":0,"k":[100,100,100],"ix":6,"l":2}},"ao":0,"shapes":[{"ty":"gr","it":[{"ty":"gr","it":[{"ind":0,"ty":"sh","ix":1,"ks":{"a":0,"k":{"i":[[0,0],[0,0],[0,0],[0,0]],"o":[[0,0],[0,0],[0,0],[0,0]],"v":[[-474.733,442.952],[325.267,442.952],[325.267,-357.048],[-474.733,-357.048]],"c":true},"ix":2},"nm":"Path 1","mn":"ADBE Vector Shape - Group","hd":false},{"ind":1,"ty":"sh","ix":2,"ks":{"a":0,"k":{"i":[[0,0],[0,0],[0,0],[0,0]],"o":[[0,0],[0,0],[0,0],[0,0]],"v":[[-474.733,-357.048],[325.267,-357.048],[325.267,442.952],[-474.733,442.952]],"c":true},"ix":2},"nm":"Path 2","mn":"ADBE Vector Shape - Group","hd":false},{"ind":2,"ty":"sh","ix":3,"ks":{"a":1,"k":[{"i":{"x":0.833,"y":0.833},"o":{"x":0.167,"y":0.167},"t":0,"s":[{"i":[[18.589,-22.528],[-5.989,-26.128],[-1.288,-15.61],[11.328,-8.463],[29.303,1.801],[16.378,-52.379],[-9.299,-23.271],[-18.119,-21.223],[7.882,-35.818],[27.987,-12.922],[-1.042,0.103],[-14.184,5.686],[-0.961,36.192],[2.99,20.785],[-25.411,12.448],[-27.811,7.459],[-9.401,25.658],[5.571,22.961],[17.678,19.805],[-7.202,32.263],[-26.2,14.428],[0.975,-0.358]],"o":[[-17.516,21.243],[3.472,15.278],[1.238,14.675],[-25.104,18.772],[-45.141,-2.768],[-7.641,24.479],[10.388,25.978],[20.97,24.534],[-6.988,31.987],[0,0],[15.378,-1.535],[29.87,-10.946],[0.58,-21.196],[-3.902,-26.929],[26.252,-12.867],[26.201,-7.048],[8.097,-22.105],[-6.404,-26.259],[-19.93,-22.377],[7.063,-31.553],[0.945,-0.485],[-26.612,8.941]],"v":[[72.273,-238.189],[59.014,-161.628],[73.664,-116.371],[55.073,-79.707],[-35.352,-68.077],[-160.421,-15.505],[-152.654,60.278],[-108.018,130.746],[-66.949,214.214],[-117.431,271.385],[-112.254,278.677],[-56.401,263.442],[-0.961,197.502],[-11.133,135.21],[18.545,72.912],[102.748,54.739],[156.894,5.416],[160.349,-64.243],[120.683,-130.436],[84.52,-212.532],[147.296,-276.956],[146.556,-278.624]],"c":true}]},{"i":{"x":0.833,"y":0.833},"o":{"x":0.167,"y":0.167},"t":30,"s":[{"i":[[27.994,-20.359],[-5.989,-26.128],[-9.397,-20.677],[11.328,-8.463],[29.303,1.801],[16.378,-52.379],[-9.299,-23.271],[-18.119,-21.223],[7.882,-35.818],[27.987,-12.922],[-1.042,0.103],[-14.184,5.686],[-2.228,37.55],[2.99,20.785],[-38.722,15.96],[-27.811,7.459],[-9.401,25.658],[13.47,19.411],[17.678,19.805],[-7.202,32.263],[-13.971,21.092],[0.975,-0.358]],"o":[[-22.267,16.194],[3.472,15.278],[8.603,17.323],[-25.104,18.772],[-45.141,-2.768],[-7.641,24.479],[10.388,25.978],[20.97,24.534],[-6.988,31.987],[0,0],[15.378,-1.535],[29.87,-10.946],[2.228,-37.55],[-3.902,-26.929],[38.722,-15.96],[26.201,-7.048],[8.097,-22.105],[-26.582,-38.305],[-19.93,-22.377],[7.063,-31.553],[13.971,-21.092],[-29.289,50.576]],"v":[[51.273,-270.689],[29.014,-198.128],[80.664,-138.371],[74.073,-96.707],[-16.352,-98.077],[-140.421,-50.505],[-136.654,31.278],[-81.518,80.246],[-48.949,153.214],[-119.431,264.385],[-114.254,271.677],[-58.401,256.442],[13.039,144.502],[-37.633,72.71],[0.545,18.912],[129.748,35.239],[189.894,-19.584],[189.849,-98.743],[125.683,-155.436],[79.52,-232.032],[159.296,-295.956],[166.556,-344.624]],"c":true}]},{"t":59,"s":[{"i":[[18.589,-22.528],[-5.989,-26.128],[-1.288,-15.61],[11.328,-8.463],[29.303,1.801],[16.378,-52.379],[-9.299,-23.271],[-18.119,-21.223],[7.882,-35.818],[27.987,-12.922],[-1.042,0.103],[-14.184,5.686],[-0.961,36.192],[2.99,20.785],[-25.411,12.448],[-27.811,7.459],[-9.401,25.658],[5.571,22.961],[17.678,19.805],[-7.202,32.263],[-26.2,14.428],[0.975,-0.358]],"o":[[-17.516,21.243],[3.472,15.278],[1.238,14.675],[-25.104,18.772],[-45.141,-2.768],[-7.641,24.479],[10.388,25.978],[20.97,24.534],[-6.988,31.987],[0,0],[15.378,-1.535],[29.87,-10.946],[0.58,-21.196],[-3.902,-26.929],[26.252,-12.867],[26.201,-7.048],[8.097,-22.105],[-6.404,-26.259],[-19.93,-22.377],[7.063,-31.553],[0.945,-0.485],[-26.612,8.941]],"v":[[72.273,-238.189],[59.014,-161.628],[73.664,-116.371],[55.073,-79.707],[-35.352,-68.077],[-160.421,-15.505],[-152.654,60.278],[-108.018,130.746],[-66.949,214.214],[-117.431,271.385],[-112.254,278.677],[-56.401,263.442],[-0.961,197.502],[-11.133,135.21],[18.545,72.912],[102.748,54.739],[156.894,5.416],[160.349,-64.243],[120.683,-130.436],[84.52,-212.532],[147.296,-276.956],[146.556,-278.624]],"c":true}]}],"ix":2},"nm":"Path 4","mn":"ADBE Vector Shape - Group","hd":false},{"ty":"tr","p":{"a":0,"k":[0,0],"ix":2},"a":{"a":0,"k":[0,0],"ix":1},"s":{"a":0,"k":[100,100],"ix":3},"r":{"a":0,"k":0,"ix":6},"o":{"a":0,"k":100,"ix":7},"sk":{"a":0,"k":0,"ix":4},"sa":{"a":0,"k":0,"ix":5},"nm":"Transform"}],"nm":"Group 1","np":3,"cix":2,"bm":0,"ix":1,"mn":"ADBE Vector Group","hd":false},{"ty":"mm","mm":4,"nm":"Merge Paths 1","mn":"ADBE Vector Filter - Merge","hd":false},{"ty":"fl","c":{"a":0,"k":[0.91,0.91,0.91,1],"ix":4},"o":{"a":0,"k":100,"ix":5},"r":1,"bm":0,"nm":"Fill 1","mn":"ADBE Vector Graphic - Fill","hd":false},{"ty":"tr","p":{"a":0,"k":[474.733,357.048],"ix":2},"a":{"a":0,"k":[0,0],"ix":1},"s":{"a":0,"k":[100,100],"ix":3},"r":{"a":0,"k":0,"ix":6},"o":{"a":0,"k":100,"ix":7},"sk":{"a":0,"k":0,"ix":4},"sa":{"a":0,"k":0,"ix":5},"nm":"Transform"}],"nm":"Group 6","np":3,"cix":2,"bm":0,"ix":1,"mn":"ADBE Vector Group","hd":false}],"ip":0,"op":60,"st":0,"bm":0},{"ddd":0,"ind":3,"ty":4,"nm":"Cooking_boil Outlines","sr":1,"ks":{"o":{"a":0,"k":100,"ix":11},"r":{"a":0,"k":0,"ix":10},"p":{"a":1,"k":[{"i":{"x":0.833,"y":0.833},"o":{"x":0.167,"y":0.167},"t":0,"s":[327.5,453.5,0],"to":[28.833,16,0],"ti":[0,0,0]},{"i":{"x":0.833,"y":0.833},"o":{"x":0.167,"y":0.167},"t":16.363,"s":[447.5,453.5,0],"to":[0,0,0],"ti":[-20.84,-11.564,0]},{"i":{"x":0.833,"y":0.833},"o":{"x":0.167,"y":0.167},"t":32.728,"s":[327.5,453.5,0],"to":[28.833,16,0],"ti":[0,0,0]},{"i":{"x":0.833,"y":0.833},"o":{"x":0.167,"y":0.167},"t":45.818,"s":[447.5,453.5,0],"to":[0,0,0],"ti":[-20.84,-11.564,0]},{"t":60,"s":[327.5,453.5,0]}],"ix":2,"l":2},"a":{"a":0,"k":[318,453,0],"ix":1,"l":2},"s":{"a":0,"k":[100,100,100],"ix":6,"l":2}},"ao":0,"shapes":[{"ty":"gr","it":[{"ind":0,"ty":"sh","ix":1,"ks":{"a":0,"k":{"i":[[9.132,0],[0,0],[-1.331,9.037],[0,0],[-17.377,0],[0,0],[-2.532,-17.193],[0,0]],"o":[[0,0],[-9.132,0],[0,0],[2.531,-17.193],[0,0],[17.377,0],[0,0],[1.331,9.037]],"v":[[45.849,59.815],[-45.849,59.815],[-60.654,42.669],[-49.969,-29.885],[-15.309,-59.816],[15.307,-59.816],[49.969,-29.885],[60.654,42.669]],"c":true},"ix":2},"nm":"Path 1","mn":"ADBE Vector Shape - Group","hd":false},{"ty":"fl","c":{"a":0,"k":[0.0706,0.5843,0.4588,1],"ix":4},"o":{"a":0,"k":100,"ix":5},"r":1,"bm":0,"nm":"Fill 1","mn":"ADBE Vector Graphic - Fill","hd":false},{"ty":"tr","p":{"a":0,"k":[317.694,534.642],"ix":2},"a":{"a":0,"k":[0,0],"ix":1},"s":{"a":0,"k":[100,100],"ix":3},"r":{"a":0,"k":0,"ix":6},"o":{"a":0,"k":100,"ix":7},"sk":{"a":0,"k":0,"ix":4},"sa":{"a":0,"k":0,"ix":5},"nm":"Transform"}],"nm":"Group 7","np":4,"cix":2,"bm":0,"ix":1,"mn":"ADBE Vector Group","hd":false},{"ty":"gr","it":[{"ind":0,"ty":"sh","ix":1,"ks":{"a":0,"k":{"i":[[2.271,15.425],[0,0],[25.691,0],[-0.079,1.721],[0,0],[13.319,0.591],[-0.644,-13.875],[0,0],[1.722,0],[0,0],[3.744,-25.415],[0,0],[-15.589,0],[0,0]],"o":[[0,0],[-3.743,-25.415],[-1.722,0],[0,0],[0.618,-13.318],[-14.033,-0.622],[0,0],[0.08,1.721],[0,0],[-25.69,0],[0,0],[-2.272,15.425],[0,0],[15.59,0]],"v":[[78.314,190.892],[66.099,107.956],[14.858,63.709],[11.842,60.55],[23.629,-193.376],[1.083,-219.537],[-23.693,-194.743],[-11.841,60.55],[-14.858,63.709],[-14.858,63.709],[-66.099,107.956],[-78.312,190.892],[-53.04,220.159],[53.04,220.159]],"c":true},"ix":2},"nm":"Path 1","mn":"ADBE Vector Shape - Group","hd":false},{"ty":"fl","c":{"a":0,"k":[0.3916,0.8284,0.7192,1],"ix":4},"o":{"a":0,"k":100,"ix":5},"r":1,"bm":0,"nm":"Fill 1","mn":"ADBE Vector Graphic - Fill","hd":false},{"ty":"tr","p":{"a":0,"k":[317.693,392.707],"ix":2},"a":{"a":0,"k":[0,0],"ix":1},"s":{"a":0,"k":[100,100],"ix":3},"r":{"a":0,"k":0,"ix":6},"o":{"a":0,"k":100,"ix":7},"sk":{"a":0,"k":0,"ix":4},"sa":{"a":0,"k":0,"ix":5},"nm":"Transform"}],"nm":"Group 8","np":4,"cix":2,"bm":0,"ix":2,"mn":"ADBE Vector Group","hd":false}],"ip":0,"op":60,"st":0,"bm":0}],"markers":[]}